linux_source	structural_class	netbsd_evidence	semantic_state
display/dvo_ch7017.c	EXACT_ACTIVE_DIST	dist:display/dvo_ch7017.c	UNREVIEWED
display/dvo_ch7xxx.c	EXACT_ACTIVE_DIST	dist:display/dvo_ch7xxx.c	UNREVIEWED
display/dvo_ivch.c	EXACT_ACTIVE_DIST	dist:display/dvo_ivch.c	UNREVIEWED
display/dvo_ns2501.c	EXACT_ACTIVE_DIST	dist:display/dvo_ns2501.c	UNREVIEWED
display/dvo_sil164.c	EXACT_ACTIVE_DIST	dist:display/dvo_sil164.c	UNREVIEWED
display/dvo_tfp410.c	EXACT_ACTIVE_DIST	dist:display/dvo_tfp410.c	UNREVIEWED
display/g4x_dp.c	UNRESOLVED_NO_BASENAME		UNREVIEWED
display/g4x_hdmi.c	UNRESOLVED_NO_BASENAME		UNREVIEWED
display/hsw_ips.c	UNRESOLVED_NO_BASENAME		UNREVIEWED
display/i9xx_display_sr.c	UNRESOLVED_NO_BASENAME		UNREVIEWED
display/i9xx_plane.c	UNRESOLVED_NO_BASENAME		UNREVIEWED
display/i9xx_wm.c	UNRESOLVED_NO_BASENAME		UNREVIEWED
display/icl_dsi.c	ACTIVE_OVERRIDE_OR_MOVED	glue:icl_dsi.c	UNREVIEWED
display/intel_acpi.c	EXACT_ACTIVE_DIST	dist:display/intel_acpi.c	UNREVIEWED
display/intel_alpm.c	UNRESOLVED_NO_BASENAME		UNREVIEWED
display/intel_atomic.c	EXACT_ACTIVE_DIST	dist:display/intel_atomic.c	UNREVIEWED
display/intel_audio.c	EXACT_ACTIVE_DIST	dist:display/intel_audio.c	UNREVIEWED
display/intel_backlight.c	UNRESOLVED_NO_BASENAME		UNREVIEWED
display/intel_bios.c	EXACT_ACTIVE_DIST	dist:display/intel_bios.c	UNREVIEWED
display/intel_bo.c	UNRESOLVED_NO_BASENAME		UNREVIEWED
display/intel_bw.c	EXACT_ACTIVE_DIST	dist:display/intel_bw.c	UNREVIEWED
display/intel_casf.c	UNRESOLVED_NO_BASENAME		UNREVIEWED
display/intel_cdclk.c	EXACT_ACTIVE_DIST	dist:display/intel_cdclk.c	UNREVIEWED
display/intel_cmtg.c	UNRESOLVED_NO_BASENAME		UNREVIEWED
display/intel_color.c	EXACT_ACTIVE_DIST	dist:display/intel_color.c	UNREVIEWED
display/intel_color_pipeline.c	UNRESOLVED_NO_BASENAME		UNREVIEWED
display/intel_colorop.c	UNRESOLVED_NO_BASENAME		UNREVIEWED
display/intel_combo_phy.c	EXACT_ACTIVE_DIST	dist:display/intel_combo_phy.c	UNREVIEWED
display/intel_connector.c	EXACT_ACTIVE_DIST	dist:display/intel_connector.c	UNREVIEWED
display/intel_crt.c	EXACT_ACTIVE_DIST	dist:display/intel_crt.c	UNREVIEWED
display/intel_crtc.c	UNRESOLVED_NO_BASENAME		UNREVIEWED
display/intel_crtc_state_dump.c	UNRESOLVED_NO_BASENAME		UNREVIEWED
display/intel_cursor.c	UNRESOLVED_NO_BASENAME		UNREVIEWED
display/intel_cx0_phy.c	UNRESOLVED_NO_BASENAME		UNREVIEWED
display/intel_dbuf_bw.c	UNRESOLVED_NO_BASENAME		UNREVIEWED
display/intel_ddi.c	EXACT_ACTIVE_DIST	dist:display/intel_ddi.c	UNREVIEWED
display/intel_ddi_buf_trans.c	UNRESOLVED_NO_BASENAME		UNREVIEWED
display/intel_de.c	UNRESOLVED_NO_BASENAME		UNREVIEWED
display/intel_display.c	EXACT_ACTIVE_DIST	dist:display/intel_display.c	UNREVIEWED
display/intel_display_clock_gating.c	UNRESOLVED_NO_BASENAME		UNREVIEWED
display/intel_display_conversion.c	UNRESOLVED_NO_BASENAME		UNREVIEWED
display/intel_display_device.c	UNRESOLVED_NO_BASENAME		UNREVIEWED
display/intel_display_driver.c	UNRESOLVED_NO_BASENAME		UNREVIEWED
display/intel_display_irq.c	UNRESOLVED_NO_BASENAME		UNREVIEWED
display/intel_display_params.c	UNRESOLVED_NO_BASENAME		UNREVIEWED
display/intel_display_power.c	EXACT_ACTIVE_DIST	dist:display/intel_display_power.c	UNREVIEWED
display/intel_display_power_map.c	UNRESOLVED_NO_BASENAME		UNREVIEWED
display/intel_display_power_well.c	UNRESOLVED_NO_BASENAME		UNREVIEWED
display/intel_display_reset.c	UNRESOLVED_NO_BASENAME		UNREVIEWED
display/intel_display_rpm.c	UNRESOLVED_NO_BASENAME		UNREVIEWED
display/intel_display_rps.c	UNRESOLVED_NO_BASENAME		UNREVIEWED
display/intel_display_snapshot.c	UNRESOLVED_NO_BASENAME		UNREVIEWED
display/intel_display_trace.c	UNRESOLVED_NO_BASENAME		UNREVIEWED
display/intel_display_utils.c	UNRESOLVED_NO_BASENAME		UNREVIEWED
display/intel_display_wa.c	UNRESOLVED_NO_BASENAME		UNREVIEWED
display/intel_dkl_phy.c	UNRESOLVED_NO_BASENAME		UNREVIEWED
display/intel_dmc.c	UNRESOLVED_NO_BASENAME		UNREVIEWED
display/intel_dmc_wl.c	UNRESOLVED_NO_BASENAME		UNREVIEWED
display/intel_dp.c	EXACT_ACTIVE_DIST	dist:display/intel_dp.c	UNREVIEWED
display/intel_dp_aux.c	UNRESOLVED_NO_BASENAME		UNREVIEWED
display/intel_dp_aux_backlight.c	EXACT_ACTIVE_DIST	dist:display/intel_dp_aux_backlight.c	UNREVIEWED
display/intel_dp_hdcp.c	UNRESOLVED_NO_BASENAME		UNREVIEWED
display/intel_dp_link_caps.c	UNRESOLVED_NO_BASENAME		UNREVIEWED
display/intel_dp_link_training.c	EXACT_ACTIVE_DIST	dist:display/intel_dp_link_training.c	UNREVIEWED
display/intel_dp_mst.c	EXACT_ACTIVE_DIST	dist:display/intel_dp_mst.c	UNREVIEWED
display/intel_dp_test.c	UNRESOLVED_NO_BASENAME		UNREVIEWED
display/intel_dpio_phy.c	EXACT_ACTIVE_DIST	dist:display/intel_dpio_phy.c	UNREVIEWED
display/intel_dpll.c	UNRESOLVED_NO_BASENAME		UNREVIEWED
display/intel_dpll_mgr.c	EXACT_ACTIVE_DIST	dist:display/intel_dpll_mgr.c	UNREVIEWED
display/intel_dpt.c	UNRESOLVED_NO_BASENAME		UNREVIEWED
display/intel_dram.c	UNRESOLVED_NO_BASENAME		UNREVIEWED
display/intel_drrs.c	UNRESOLVED_NO_BASENAME		UNREVIEWED
display/intel_dsb.c	EXACT_ACTIVE_DIST	dist:display/intel_dsb.c	UNREVIEWED
display/intel_dsi.c	PRESENT_NOT_BUILT	dist:display/intel_dsi.c	UNREVIEWED
display/intel_dsi_dcs_backlight.c	ACTIVE_OVERRIDE_OR_MOVED	glue:intel_dsi_dcs_backlight.c	UNREVIEWED
display/intel_dsi_vbt.c	PRESENT_NOT_BUILT	dist:display/intel_dsi_vbt.c	UNREVIEWED
display/intel_dvo.c	EXACT_ACTIVE_DIST	dist:display/intel_dvo.c	UNREVIEWED
display/intel_encoder.c	UNRESOLVED_NO_BASENAME		UNREVIEWED
display/intel_fb.c	UNRESOLVED_NO_BASENAME		UNREVIEWED
display/intel_fbc.c	EXACT_ACTIVE_DIST	dist:display/intel_fbc.c	UNREVIEWED
display/intel_fbdev.c	EXACT_ACTIVE_DIST	dist:display/intel_fbdev.c	UNREVIEWED
display/intel_fdi.c	UNRESOLVED_NO_BASENAME		UNREVIEWED
display/intel_fifo_underrun.c	EXACT_ACTIVE_DIST	dist:display/intel_fifo_underrun.c	UNREVIEWED
display/intel_flipq.c	UNRESOLVED_NO_BASENAME		UNREVIEWED
display/intel_frontbuffer.c	EXACT_ACTIVE_DIST	dist:display/intel_frontbuffer.c	UNREVIEWED
display/intel_global_state.c	UNRESOLVED_NO_BASENAME		UNREVIEWED
display/intel_gmbus.c	EXACT_ACTIVE_DIST	dist:display/intel_gmbus.c	UNREVIEWED
display/intel_hdcp.c	EXACT_ACTIVE_DIST	dist:display/intel_hdcp.c	UNREVIEWED
display/intel_hdcp_gsc_message.c	UNRESOLVED_NO_BASENAME		UNREVIEWED
display/intel_hdmi.c	EXACT_ACTIVE_DIST	dist:display/intel_hdmi.c	UNREVIEWED
display/intel_hotplug.c	EXACT_ACTIVE_DIST	dist:display/intel_hotplug.c	UNREVIEWED
display/intel_hotplug_irq.c	UNRESOLVED_NO_BASENAME		UNREVIEWED
display/intel_hti.c	UNRESOLVED_NO_BASENAME		UNREVIEWED
display/intel_initial_plane.c	UNRESOLVED_NO_BASENAME		UNREVIEWED
display/intel_link_bw.c	UNRESOLVED_NO_BASENAME		UNREVIEWED
display/intel_load_detect.c	UNRESOLVED_NO_BASENAME		UNREVIEWED
display/intel_lpe_audio.c	ACTIVE_OVERRIDE_OR_MOVED	glue:intel_lpe_audio.c	UNREVIEWED
display/intel_lspcon.c	EXACT_ACTIVE_DIST	dist:display/intel_lspcon.c	UNREVIEWED
display/intel_lt_phy.c	UNRESOLVED_NO_BASENAME		UNREVIEWED
display/intel_lvds.c	EXACT_ACTIVE_DIST	dist:display/intel_lvds.c	UNREVIEWED
display/intel_mchbar.c	UNRESOLVED_NO_BASENAME		UNREVIEWED
display/intel_modeset_lock.c	UNRESOLVED_NO_BASENAME		UNREVIEWED
display/intel_modeset_setup.c	UNRESOLVED_NO_BASENAME		UNREVIEWED
display/intel_modeset_verify.c	UNRESOLVED_NO_BASENAME		UNREVIEWED
display/intel_opregion.c	EXACT_ACTIVE_DIST	dist:display/intel_opregion.c	UNREVIEWED
display/intel_overlay.c	EXACT_ACTIVE_DIST	dist:display/intel_overlay.c	UNREVIEWED
display/intel_panel.c	EXACT_ACTIVE_DIST	dist:display/intel_panel.c	UNREVIEWED
display/intel_parent.c	UNRESOLVED_NO_BASENAME		UNREVIEWED
display/intel_pch.c	ACTIVE_OVERRIDE_OR_MOVED	dist:intel_pch.c	UNREVIEWED
display/intel_pch_display.c	UNRESOLVED_NO_BASENAME		UNREVIEWED
display/intel_pch_refclk.c	UNRESOLVED_NO_BASENAME		UNREVIEWED
display/intel_pfit.c	UNRESOLVED_NO_BASENAME		UNREVIEWED
display/intel_plane.c	UNRESOLVED_NO_BASENAME		UNREVIEWED
display/intel_pmdemand.c	UNRESOLVED_NO_BASENAME		UNREVIEWED
display/intel_pps.c	UNRESOLVED_NO_BASENAME		UNREVIEWED
display/intel_psr.c	EXACT_ACTIVE_DIST	dist:display/intel_psr.c	UNREVIEWED
display/intel_qp_tables.c	UNRESOLVED_NO_BASENAME		UNREVIEWED
display/intel_quirks.c	EXACT_ACTIVE_DIST	dist:display/intel_quirks.c	UNREVIEWED
display/intel_rom.c	UNRESOLVED_NO_BASENAME		UNREVIEWED
display/intel_sbi.c	UNRESOLVED_NO_BASENAME		UNREVIEWED
display/intel_sdvo.c	EXACT_ACTIVE_DIST	dist:display/intel_sdvo.c	UNREVIEWED
display/intel_snps_hdmi_pll.c	UNRESOLVED_NO_BASENAME		UNREVIEWED
display/intel_snps_phy.c	UNRESOLVED_NO_BASENAME		UNREVIEWED
display/intel_sprite.c	EXACT_ACTIVE_DIST	dist:display/intel_sprite.c	UNREVIEWED
display/intel_sprite_uapi.c	UNRESOLVED_NO_BASENAME		UNREVIEWED
display/intel_tc.c	EXACT_ACTIVE_DIST	dist:display/intel_tc.c	UNREVIEWED
display/intel_tv.c	EXACT_ACTIVE_DIST	dist:display/intel_tv.c	UNREVIEWED
display/intel_vblank.c	UNRESOLVED_NO_BASENAME		UNREVIEWED
display/intel_vdsc.c	EXACT_ACTIVE_DIST	dist:display/intel_vdsc.c	UNREVIEWED
display/intel_vga.c	EXACT_ACTIVE_DIST	dist:display/intel_vga.c	UNREVIEWED
display/intel_vrr.c	UNRESOLVED_NO_BASENAME		UNREVIEWED
display/intel_wm.c	UNRESOLVED_NO_BASENAME		UNREVIEWED
display/skl_prefill.c	UNRESOLVED_NO_BASENAME		UNREVIEWED
display/skl_scaler.c	UNRESOLVED_NO_BASENAME		UNREVIEWED
display/skl_universal_plane.c	UNRESOLVED_NO_BASENAME		UNREVIEWED
display/skl_watermark.c	UNRESOLVED_NO_BASENAME		UNREVIEWED
display/vlv_clock.c	UNRESOLVED_NO_BASENAME		UNREVIEWED
display/vlv_dsi.c	ACTIVE_OVERRIDE_OR_MOVED	glue:vlv_dsi.c	UNREVIEWED
display/vlv_dsi_pll.c	PRESENT_NOT_BUILT	dist:display/vlv_dsi_pll.c	UNREVIEWED
display/vlv_sideband.c	UNRESOLVED_NO_BASENAME		UNREVIEWED
gem/i915_gem_busy.c	EXACT_ACTIVE_DIST	dist:gem/i915_gem_busy.c	UNREVIEWED
gem/i915_gem_clflush.c	EXACT_ACTIVE_DIST	dist:gem/i915_gem_clflush.c	UNREVIEWED
gem/i915_gem_context.c	EXACT_ACTIVE_DIST	dist:gem/i915_gem_context.c	UNREVIEWED
gem/i915_gem_create.c	UNRESOLVED_NO_BASENAME		UNREVIEWED
gem/i915_gem_dmabuf.c	EXACT_ACTIVE_DIST	dist:gem/i915_gem_dmabuf.c	UNREVIEWED
gem/i915_gem_domain.c	EXACT_ACTIVE_DIST	dist:gem/i915_gem_domain.c	UNREVIEWED
gem/i915_gem_execbuffer.c	EXACT_ACTIVE_DIST	dist:gem/i915_gem_execbuffer.c	UNREVIEWED
gem/i915_gem_internal.c	EXACT_ACTIVE_DIST	dist:gem/i915_gem_internal.c	UNREVIEWED
gem/i915_gem_lmem.c	EXACT_ACTIVE_DIST	dist:gem/i915_gem_lmem.c	UNREVIEWED
gem/i915_gem_mman.c	EXACT_ACTIVE_DIST	dist:gem/i915_gem_mman.c	UNREVIEWED
gem/i915_gem_object.c	EXACT_ACTIVE_DIST	dist:gem/i915_gem_object.c	UNREVIEWED
gem/i915_gem_object_frontbuffer.c	UNRESOLVED_NO_BASENAME		UNREVIEWED
gem/i915_gem_pages.c	EXACT_ACTIVE_DIST	dist:gem/i915_gem_pages.c	UNREVIEWED
gem/i915_gem_panic.c	UNRESOLVED_NO_BASENAME		UNREVIEWED
gem/i915_gem_phys.c	EXACT_ACTIVE_DIST	dist:gem/i915_gem_phys.c	UNREVIEWED
gem/i915_gem_pm.c	EXACT_ACTIVE_DIST	dist:gem/i915_gem_pm.c	UNREVIEWED
gem/i915_gem_region.c	EXACT_ACTIVE_DIST	dist:gem/i915_gem_region.c	UNREVIEWED
gem/i915_gem_shmem.c	EXACT_ACTIVE_DIST	dist:gem/i915_gem_shmem.c	UNREVIEWED
gem/i915_gem_shrinker.c	EXACT_ACTIVE_DIST	dist:gem/i915_gem_shrinker.c	UNREVIEWED
gem/i915_gem_stolen.c	EXACT_ACTIVE_DIST	dist:gem/i915_gem_stolen.c	UNREVIEWED
gem/i915_gem_throttle.c	EXACT_ACTIVE_DIST	dist:gem/i915_gem_throttle.c	UNREVIEWED
gem/i915_gem_tiling.c	EXACT_ACTIVE_DIST	dist:gem/i915_gem_tiling.c	UNREVIEWED
gem/i915_gem_ttm.c	UNRESOLVED_NO_BASENAME		UNREVIEWED
gem/i915_gem_ttm_move.c	UNRESOLVED_NO_BASENAME		UNREVIEWED
gem/i915_gem_ttm_pm.c	UNRESOLVED_NO_BASENAME		UNREVIEWED
gem/i915_gem_userptr.c	ACTIVE_OVERRIDE_OR_MOVED	glue:i915_gem_userptr.c	UNREVIEWED
gem/i915_gem_wait.c	EXACT_ACTIVE_DIST	dist:gem/i915_gem_wait.c	UNREVIEWED
gt/gen2_engine_cs.c	UNRESOLVED_NO_BASENAME		UNREVIEWED
gt/gen6_engine_cs.c	UNRESOLVED_NO_BASENAME		UNREVIEWED
gt/gen6_ppgtt.c	EXACT_ACTIVE_DIST	dist:gt/gen6_ppgtt.c	UNREVIEWED
gt/gen6_renderstate.c	EXACT_ACTIVE_DIST	dist:gt/gen6_renderstate.c	UNREVIEWED
gt/gen7_renderclear.c	UNRESOLVED_NO_BASENAME		UNREVIEWED
gt/gen7_renderstate.c	EXACT_ACTIVE_DIST	dist:gt/gen7_renderstate.c	UNREVIEWED
gt/gen8_engine_cs.c	UNRESOLVED_NO_BASENAME		UNREVIEWED
gt/gen8_ppgtt.c	EXACT_ACTIVE_DIST	dist:gt/gen8_ppgtt.c	UNREVIEWED
gt/gen8_renderstate.c	EXACT_ACTIVE_DIST	dist:gt/gen8_renderstate.c	UNREVIEWED
gt/gen9_renderstate.c	EXACT_ACTIVE_DIST	dist:gt/gen9_renderstate.c	UNREVIEWED
gt/intel_breadcrumbs.c	EXACT_ACTIVE_DIST	dist:gt/intel_breadcrumbs.c	UNREVIEWED
gt/intel_context.c	EXACT_ACTIVE_DIST	dist:gt/intel_context.c	UNREVIEWED
gt/intel_context_sseu.c	UNRESOLVED_NO_BASENAME		UNREVIEWED
gt/intel_engine_cs.c	EXACT_ACTIVE_DIST	dist:gt/intel_engine_cs.c	UNREVIEWED
gt/intel_engine_heartbeat.c	EXACT_ACTIVE_DIST	dist:gt/intel_engine_heartbeat.c	UNREVIEWED
gt/intel_engine_pm.c	EXACT_ACTIVE_DIST	dist:gt/intel_engine_pm.c	UNREVIEWED
gt/intel_engine_user.c	EXACT_ACTIVE_DIST	dist:gt/intel_engine_user.c	UNREVIEWED
gt/intel_execlists_submission.c	UNRESOLVED_NO_BASENAME		UNREVIEWED
gt/intel_ggtt.c	EXACT_ACTIVE_DIST	dist:gt/intel_ggtt.c	UNREVIEWED
gt/intel_ggtt_fencing.c	UNRESOLVED_NO_BASENAME		UNREVIEWED
gt/intel_ggtt_gmch.c	UNRESOLVED_NO_BASENAME		UNREVIEWED
gt/intel_gsc.c	UNRESOLVED_NO_BASENAME		UNREVIEWED
gt/intel_gt.c	EXACT_ACTIVE_DIST	dist:gt/intel_gt.c	UNREVIEWED
gt/intel_gt_buffer_pool.c	UNRESOLVED_NO_BASENAME		UNREVIEWED
gt/intel_gt_ccs_mode.c	UNRESOLVED_NO_BASENAME		UNREVIEWED
gt/intel_gt_clock_utils.c	UNRESOLVED_NO_BASENAME		UNREVIEWED
gt/intel_gt_debugfs.c	UNRESOLVED_NO_BASENAME		UNREVIEWED
gt/intel_gt_engines_debugfs.c	UNRESOLVED_NO_BASENAME		UNREVIEWED
gt/intel_gt_irq.c	EXACT_ACTIVE_DIST	dist:gt/intel_gt_irq.c	UNREVIEWED
gt/intel_gt_mcr.c	UNRESOLVED_NO_BASENAME		UNREVIEWED
gt/intel_gt_pm.c	EXACT_ACTIVE_DIST	dist:gt/intel_gt_pm.c	UNREVIEWED
gt/intel_gt_pm_debugfs.c	UNRESOLVED_NO_BASENAME		UNREVIEWED
gt/intel_gt_pm_irq.c	EXACT_ACTIVE_DIST	dist:gt/intel_gt_pm_irq.c	UNREVIEWED
gt/intel_gt_requests.c	EXACT_ACTIVE_DIST	dist:gt/intel_gt_requests.c	UNREVIEWED
gt/intel_gt_sysfs.c	UNRESOLVED_NO_BASENAME		UNREVIEWED
gt/intel_gt_sysfs_pm.c	UNRESOLVED_NO_BASENAME		UNREVIEWED
gt/intel_gtt.c	EXACT_ACTIVE_DIST	dist:gt/intel_gtt.c	UNREVIEWED
gt/intel_llc.c	EXACT_ACTIVE_DIST	dist:gt/intel_llc.c	UNREVIEWED
gt/intel_lrc.c	EXACT_ACTIVE_DIST	dist:gt/intel_lrc.c	UNREVIEWED
gt/intel_migrate.c	UNRESOLVED_NO_BASENAME		UNREVIEWED
gt/intel_mocs.c	EXACT_ACTIVE_DIST	dist:gt/intel_mocs.c	UNREVIEWED
gt/intel_ppgtt.c	EXACT_ACTIVE_DIST	dist:gt/intel_ppgtt.c	UNREVIEWED
gt/intel_rc6.c	EXACT_ACTIVE_DIST	dist:gt/intel_rc6.c	UNREVIEWED
gt/intel_region_lmem.c	ACTIVE_OVERRIDE_OR_MOVED	glue:intel_region_lmem.c	UNREVIEWED
gt/intel_renderstate.c	EXACT_ACTIVE_DIST	dist:gt/intel_renderstate.c	UNREVIEWED
gt/intel_reset.c	EXACT_ACTIVE_DIST	dist:gt/intel_reset.c	UNREVIEWED
gt/intel_ring.c	EXACT_ACTIVE_DIST	dist:gt/intel_ring.c	UNREVIEWED
gt/intel_ring_submission.c	EXACT_ACTIVE_DIST	dist:gt/intel_ring_submission.c	UNREVIEWED
gt/intel_rps.c	EXACT_ACTIVE_DIST	dist:gt/intel_rps.c	UNREVIEWED
gt/intel_sa_media.c	UNRESOLVED_NO_BASENAME		UNREVIEWED
gt/intel_sseu.c	EXACT_ACTIVE_DIST	dist:gt/intel_sseu.c	UNREVIEWED
gt/intel_sseu_debugfs.c	UNRESOLVED_NO_BASENAME		UNREVIEWED
gt/intel_timeline.c	EXACT_ACTIVE_DIST	dist:gt/intel_timeline.c	UNREVIEWED
gt/intel_tlb.c	UNRESOLVED_NO_BASENAME		UNREVIEWED
gt/intel_wopcm.c	ACTIVE_OVERRIDE_OR_MOVED	dist:intel_wopcm.c	UNREVIEWED
gt/intel_workarounds.c	EXACT_ACTIVE_DIST	dist:gt/intel_workarounds.c	UNREVIEWED
gt/shmem_utils.c	UNRESOLVED_NO_BASENAME		UNREVIEWED
gt/sysfs_engines.c	UNRESOLVED_NO_BASENAME		UNREVIEWED
gt/uc/intel_gsc_fw.c	UNRESOLVED_NO_BASENAME		UNREVIEWED
gt/uc/intel_gsc_proxy.c	UNRESOLVED_NO_BASENAME		UNREVIEWED
gt/uc/intel_gsc_uc.c	UNRESOLVED_NO_BASENAME		UNREVIEWED
gt/uc/intel_gsc_uc_debugfs.c	UNRESOLVED_NO_BASENAME		UNREVIEWED
gt/uc/intel_gsc_uc_heci_cmd_submit.c	UNRESOLVED_NO_BASENAME		UNREVIEWED
gt/uc/intel_guc.c	EXACT_ACTIVE_DIST	dist:gt/uc/intel_guc.c	UNREVIEWED
gt/uc/intel_guc_ads.c	EXACT_ACTIVE_DIST	dist:gt/uc/intel_guc_ads.c	UNREVIEWED
gt/uc/intel_guc_capture.c	UNRESOLVED_NO_BASENAME		UNREVIEWED
gt/uc/intel_guc_ct.c	EXACT_ACTIVE_DIST	dist:gt/uc/intel_guc_ct.c	UNREVIEWED
gt/uc/intel_guc_debugfs.c	UNRESOLVED_NO_BASENAME		UNREVIEWED
gt/uc/intel_guc_fw.c	EXACT_ACTIVE_DIST	dist:gt/uc/intel_guc_fw.c	UNREVIEWED
gt/uc/intel_guc_hwconfig.c	UNRESOLVED_NO_BASENAME		UNREVIEWED
gt/uc/intel_guc_log.c	ACTIVE_OVERRIDE_OR_MOVED	glue:intel_guc_log.c	UNREVIEWED
gt/uc/intel_guc_log_debugfs.c	UNRESOLVED_NO_BASENAME		UNREVIEWED
gt/uc/intel_guc_rc.c	UNRESOLVED_NO_BASENAME		UNREVIEWED
gt/uc/intel_guc_slpc.c	UNRESOLVED_NO_BASENAME		UNREVIEWED
gt/uc/intel_guc_submission.c	EXACT_ACTIVE_DIST	dist:gt/uc/intel_guc_submission.c	UNREVIEWED
gt/uc/intel_huc.c	EXACT_ACTIVE_DIST	dist:gt/uc/intel_huc.c	UNREVIEWED
gt/uc/intel_huc_debugfs.c	UNRESOLVED_NO_BASENAME		UNREVIEWED
gt/uc/intel_huc_fw.c	EXACT_ACTIVE_DIST	dist:gt/uc/intel_huc_fw.c	UNREVIEWED
gt/uc/intel_uc.c	EXACT_ACTIVE_DIST	dist:gt/uc/intel_uc.c	UNREVIEWED
gt/uc/intel_uc_debugfs.c	UNRESOLVED_NO_BASENAME		UNREVIEWED
gt/uc/intel_uc_fw.c	EXACT_ACTIVE_DIST	dist:gt/uc/intel_uc_fw.c	UNREVIEWED
i915_active.c	EXACT_ACTIVE_DIST	dist:i915_active.c	UNREVIEWED
i915_bo.c	UNRESOLVED_NO_BASENAME		UNREVIEWED
i915_cmd_parser.c	EXACT_ACTIVE_DIST	dist:i915_cmd_parser.c	UNREVIEWED
i915_config.c	UNRESOLVED_NO_BASENAME		UNREVIEWED
i915_deps.c	UNRESOLVED_NO_BASENAME		UNREVIEWED
i915_display_pc8.c	UNRESOLVED_NO_BASENAME		UNREVIEWED
i915_dpt.c	UNRESOLVED_NO_BASENAME		UNREVIEWED
i915_driver.c	UNRESOLVED_NO_BASENAME		UNREVIEWED
i915_drm_client.c	UNRESOLVED_NO_BASENAME		UNREVIEWED
i915_dsb_buffer.c	UNRESOLVED_NO_BASENAME		UNREVIEWED
i915_edram.c	UNRESOLVED_NO_BASENAME		UNREVIEWED
i915_fb_pin.c	UNRESOLVED_NO_BASENAME		UNREVIEWED
i915_freq.c	UNRESOLVED_NO_BASENAME		UNREVIEWED
i915_gem.c	EXACT_ACTIVE_DIST	dist:i915_gem.c	UNREVIEWED
i915_gem_evict.c	EXACT_ACTIVE_DIST	dist:i915_gem_evict.c	UNREVIEWED
i915_gem_gtt.c	EXACT_ACTIVE_DIST	dist:i915_gem_gtt.c	UNREVIEWED
i915_gem_ww.c	UNRESOLVED_NO_BASENAME		UNREVIEWED
i915_getparam.c	EXACT_ACTIVE_DIST	dist:i915_getparam.c	UNREVIEWED
i915_gmch.c	UNRESOLVED_NO_BASENAME		UNREVIEWED
i915_gpu_error.c	PRESENT_NOT_BUILT	dist:i915_gpu_error.c	UNREVIEWED
i915_hdcp_gsc.c	UNRESOLVED_NO_BASENAME		UNREVIEWED
i915_hwmon.c	UNRESOLVED_NO_BASENAME		UNREVIEWED
i915_initial_plane.c	UNRESOLVED_NO_BASENAME		UNREVIEWED
i915_ioc32.c	PRESENT_NOT_BUILT	dist:i915_ioc32.c	UNREVIEWED
i915_ioctl.c	UNRESOLVED_NO_BASENAME		UNREVIEWED
i915_irq.c	EXACT_ACTIVE_DIST	dist:i915_irq.c	UNREVIEWED
i915_memcpy.c	EXACT_ACTIVE_DIST	dist:i915_memcpy.c	UNREVIEWED
i915_mitigations.c	UNRESOLVED_NO_BASENAME		UNREVIEWED
i915_mm.c	PRESENT_NOT_BUILT	dist:i915_mm.c	UNREVIEWED
i915_mmio_range.c	UNRESOLVED_NO_BASENAME		UNREVIEWED
i915_module.c	ACTIVE_OVERRIDE_OR_MOVED	glue:i915_module.c	UNREVIEWED
i915_overlay.c	UNRESOLVED_NO_BASENAME		UNREVIEWED
i915_params.c	EXACT_ACTIVE_DIST	dist:i915_params.c	UNREVIEWED
i915_pci.c	EXACT_ACTIVE_DIST	dist:i915_pci.c	UNREVIEWED
i915_perf.c	EXACT_ACTIVE_DIST	dist:i915_perf.c	UNREVIEWED
i915_pmu.c	PRESENT_NOT_BUILT	dist:i915_pmu.c	UNREVIEWED
i915_query.c	EXACT_ACTIVE_DIST	dist:i915_query.c	UNREVIEWED
i915_request.c	EXACT_ACTIVE_DIST	dist:i915_request.c	UNREVIEWED
i915_scatterlist.c	EXACT_ACTIVE_DIST	dist:i915_scatterlist.c	UNREVIEWED
i915_scheduler.c	EXACT_ACTIVE_DIST	dist:i915_scheduler.c	UNREVIEWED
i915_sw_fence.c	EXACT_ACTIVE_DIST	dist:i915_sw_fence.c	UNREVIEWED
i915_sw_fence_work.c	EXACT_ACTIVE_DIST	dist:i915_sw_fence_work.c	UNREVIEWED
i915_switcheroo.c	ACTIVE_OVERRIDE_OR_MOVED	glue:i915_switcheroo.c	UNREVIEWED
i915_syncmap.c	EXACT_ACTIVE_DIST	dist:i915_syncmap.c	UNREVIEWED
i915_sysfs.c	ACTIVE_OVERRIDE_OR_MOVED	glue:i915_sysfs.c	UNREVIEWED
i915_timer_util.c	UNRESOLVED_NO_BASENAME		UNREVIEWED
i915_trace_points.c	ACTIVE_OVERRIDE_OR_MOVED	glue:i915_trace_points.c	UNREVIEWED
i915_ttm_buddy_manager.c	UNRESOLVED_NO_BASENAME		UNREVIEWED
i915_user_extensions.c	EXACT_ACTIVE_DIST	dist:i915_user_extensions.c	UNREVIEWED
i915_utils.c	EXACT_ACTIVE_DIST	dist:i915_utils.c	UNREVIEWED
i915_vgpu.c	EXACT_ACTIVE_DIST	dist:i915_vgpu.c	UNREVIEWED
i915_vma.c	EXACT_ACTIVE_DIST	dist:i915_vma.c	UNREVIEWED
i915_vma_resource.c	UNRESOLVED_NO_BASENAME		UNREVIEWED
intel_clock_gating.c	UNRESOLVED_NO_BASENAME		UNREVIEWED
intel_cpu_info.c	UNRESOLVED_NO_BASENAME		UNREVIEWED
intel_device_info.c	EXACT_ACTIVE_DIST	dist:intel_device_info.c	UNREVIEWED
intel_memory_region.c	EXACT_ACTIVE_DIST	dist:intel_memory_region.c	UNREVIEWED
intel_pcode.c	UNRESOLVED_NO_BASENAME		UNREVIEWED
intel_region_ttm.c	UNRESOLVED_NO_BASENAME		UNREVIEWED
intel_runtime_pm.c	EXACT_ACTIVE_DIST	dist:intel_runtime_pm.c	UNREVIEWED
intel_step.c	UNRESOLVED_NO_BASENAME		UNREVIEWED
intel_uncore.c	EXACT_ACTIVE_DIST	dist:intel_uncore.c	UNREVIEWED
intel_uncore_trace.c	UNRESOLVED_NO_BASENAME		UNREVIEWED
intel_wakeref.c	EXACT_ACTIVE_DIST	dist:intel_wakeref.c	UNREVIEWED
pxp/intel_pxp.c	UNRESOLVED_NO_BASENAME		UNREVIEWED
pxp/intel_pxp_cmd.c	UNRESOLVED_NO_BASENAME		UNREVIEWED
pxp/intel_pxp_debugfs.c	UNRESOLVED_NO_BASENAME		UNREVIEWED
pxp/intel_pxp_gsccs.c	UNRESOLVED_NO_BASENAME		UNREVIEWED
pxp/intel_pxp_huc.c	UNRESOLVED_NO_BASENAME		UNREVIEWED
pxp/intel_pxp_irq.c	UNRESOLVED_NO_BASENAME		UNREVIEWED
pxp/intel_pxp_pm.c	UNRESOLVED_NO_BASENAME		UNREVIEWED
pxp/intel_pxp_session.c	UNRESOLVED_NO_BASENAME		UNREVIEWED
pxp/intel_pxp_tee.c	UNRESOLVED_NO_BASENAME		UNREVIEWED
vlv_iosf_sb.c	UNRESOLVED_NO_BASENAME		UNREVIEWED
vlv_suspend.c	UNRESOLVED_NO_BASENAME		UNREVIEWED